08:52:32,1,25478781
08:52:32,2,2066866
08:52:32,3,1651069
08:52:32,4,1560225
08:52:32,5,1683099
08:52:32,6,1577515
08:52:33,7,1461616
08:52:33,8,1613144
08:52:33,9,1441922
08:52:33,10,1484121
08:52:33,11,1532338
08:52:33,12,1516326
08:52:33,13,2804053
08:52:33,14,1506676
08:52:33,15,1431600
08:52:33,16,1473639
08:52:33,17,1452570
08:52:33,18,1356211
08:52:33,19,1362551
08:52:33,20,5359042
08:52:33,21,1543181
08:52:33,22,1526922
08:52:33,23,2080418
08:52:33,24,2056007
08:52:33,25,2050679
08:52:33,26,1655330
08:52:33,27,1447497
08:52:33,28,1407122
08:52:33,29,1373937
08:52:33,30,1379573
08:52:33,31,1401779
08:52:33,32,1564511
08:52:33,33,3170609
08:52:33,34,4953908
08:52:33,35,1293433
08:52:33,36,1370397
08:52:33,37,1215339
08:52:33,38,3664967
08:52:33,39,1208229
08:52:33,40,1493910
08:52:33,41,1245875
08:52:33,42,1177709
08:52:33,43,1190136
08:52:33,44,1219794
08:52:33,45,1167518
08:52:33,46,1145936
08:52:33,47,1900055
08:52:33,48,1256650
08:52:33,49,1134656
08:52:33,50,1141017
08:52:33,51,1167078
08:52:33,52,1307103
08:52:33,53,1189184
08:52:33,54,1154448
08:52:33,55,1131611
08:52:33,56,1101993
08:52:33,57,1077656
08:52:33,58,1115980
08:52:33,59,981168
08:52:33,60,1120359
08:52:33,61,1297301
08:52:33,62,1091019
08:52:33,63,1085557
08:52:33,64,1402175
08:52:33,65,1225694
08:52:33,66,1192131
08:52:33,67,1103606
08:52:33,68,1008772
08:52:33,69,7950997
08:52:33,70,3219428
08:52:33,71,1678170
08:52:33,72,1894663
08:52:33,73,1524521
08:52:33,74,1664558
08:52:33,75,2368449
08:52:33,76,1911120
08:52:33,77,1954500
08:52:33,78,1906387
08:52:33,79,1751395
08:52:33,80,1845964
08:52:33,81,1791374
08:52:33,82,1814717
08:52:33,83,2086038
08:52:33,84,1928385
08:52:33,85,1842622
08:52:33,86,1818431
08:52:33,87,5316330
08:52:33,88,3916971
08:52:33,89,1300667
08:52:33,90,1214400
08:52:33,91,1214410
08:52:33,92,2181934
08:52:33,93,1120935
08:52:33,94,1080573
08:52:33,95,4044795
08:52:33,96,4800552
08:52:33,97,4395784
08:52:33,98,1205626
08:52:33,99,1135811
08:52:33,100,1206808
08:52:33,101,1193475
08:52:33,102,1156568
08:52:33,103,1113786
08:52:33,104,3670083
08:52:33,105,1192233
08:52:33,106,1124357
08:52:33,107,1108154
08:52:33,108,1074594
08:52:33,109,1104803
08:52:33,110,1108863
08:52:33,111,1013799
08:52:33,112,1020028
08:52:33,113,1779410
08:52:33,114,1058019
08:52:33,115,1023639
08:52:33,116,987393
08:52:33,117,1020493
08:52:33,118,977495
08:52:33,119,1013685
08:52:33,120,1121089
08:52:33,121,1071065
08:52:33,122,1036475
08:52:33,123,1042670
08:52:33,124,1055785
08:52:33,125,1043482
08:52:33,126,1029187
08:52:33,127,4155964
08:52:33,128,1752617
08:52:33,129,1061981
08:52:33,130,975288
08:52:33,131,978002
08:52:33,132,963942
08:52:33,133,953465
08:52:33,134,1068174
08:52:33,135,1082493
08:52:33,136,900819
08:52:33,137,926087
08:52:33,138,1002909
08:52:33,139,901207
08:52:33,140,926730
08:52:33,141,918718
08:52:33,142,971889
08:52:33,143,897210
08:52:33,144,985269
08:52:33,145,918881
08:52:33,146,917178
08:52:33,147,868577
08:52:33,148,889770
08:52:33,149,880031
08:52:33,150,905367
08:52:33,151,1706381
08:52:33,152,1024955
08:52:33,153,1054739
08:52:33,154,893327
08:52:33,155,958202
08:52:33,156,913269
08:52:33,157,873175
08:52:33,158,824705
08:52:33,159,886579
08:52:33,160,1036858
08:52:33,161,958385
08:52:33,162,804821
08:52:33,163,5984378
08:52:33,164,1250549
08:52:33,165,904178
08:52:33,166,935545
08:52:33,167,818438
08:52:33,168,849153
08:52:33,169,803751
08:52:33,170,804788
08:52:33,171,879823
08:52:33,172,869604
08:52:33,173,816725
08:52:33,174,840138
08:52:33,175,849246
08:52:33,176,810526
08:52:33,177,890749
08:52:33,178,874478
08:52:33,179,904977
08:52:33,180,1228419
08:52:33,181,836527
08:52:33,182,729802
08:52:33,183,728590
08:52:33,184,720736
08:52:33,185,755332
08:52:33,186,803431
08:52:33,187,787736
08:52:33,188,1984602
08:52:33,189,1037839
08:52:33,190,3181175
08:52:33,191,1427560
08:52:33,192,3369679
08:52:33,193,1015562
08:52:33,194,974001
08:52:33,195,956118
08:52:33,196,907444
08:52:33,197,849211
08:52:33,198,7641787
08:52:33,199,1159286
08:52:33,200,1052783
08:52:33,201,875025
08:52:33,202,1285037
08:52:33,203,961498
08:52:33,204,1925772
08:52:33,205,897181
08:52:33,206,883634
08:52:33,207,834271
08:52:33,208,766309
08:52:33,209,867532
08:52:33,210,839975
08:52:33,211,873290
08:52:33,212,813174
08:52:33,213,886400
08:52:33,214,839151
08:52:33,215,859558
08:52:33,216,808542
08:52:33,217,852197
08:52:33,218,929658
08:52:33,219,781546
08:52:33,220,810887
08:52:33,221,812336
08:52:33,222,776942
08:52:33,223,770144
08:52:33,224,855306
08:52:33,225,798001
08:52:33,226,2252813
08:52:33,227,875926
08:52:33,228,845224
08:52:33,229,871923
08:52:33,230,785991
08:52:33,231,891650
08:52:33,232,1464801
08:52:33,233,807934
08:52:33,234,789561
08:52:33,235,873596
08:52:33,236,1339518
08:52:33,237,816752
08:52:33,238,784403
08:52:33,239,881020
08:52:33,240,852134
08:52:33,241,998527
08:52:33,242,775698
08:52:33,243,804862
08:52:33,244,814552
08:52:33,245,853785
08:52:33,246,857961
08:52:33,247,764087
08:52:33,248,853497
08:52:33,249,738259
08:52:33,250,712007
08:52:33,251,736154
08:52:33,252,1040323
08:52:33,253,824065
08:52:33,254,1262461
08:52:33,255,1309673
08:52:33,256,5984553
08:52:33,257,2558721
08:52:33,258,2177601
08:52:33,259,963916
08:52:33,260,1099004
08:52:33,261,807535
08:52:33,262,835227
08:52:33,263,743716
08:52:33,264,1541299
08:52:33,265,829466
08:52:33,266,2749093
08:52:33,267,790420
08:52:33,268,814789
08:52:33,269,837885
08:52:33,270,808165
08:52:33,271,730083
08:52:33,272,786310
08:52:33,273,775674
08:52:33,274,741318
08:52:33,275,735491
08:52:33,276,723958
08:52:33,277,752504
08:52:33,278,771553
08:52:33,279,752533
08:52:33,280,803528
08:52:33,281,740793
08:52:33,282,740863
08:52:33,283,764943
08:52:33,284,770489
08:52:33,285,777349
08:52:33,286,749650
08:52:33,287,718625
08:52:33,288,778377
08:52:33,289,706278
08:52:33,290,748593
08:52:33,291,702984
08:52:33,292,701189
08:52:33,293,744107
08:52:33,294,715923
08:52:33,295,763989
08:52:33,296,701789
08:52:33,297,697209
08:52:33,298,713048
08:52:33,299,698779
08:52:33,300,752546
08:52:33,301,2344549
08:52:33,302,764474
08:52:33,303,753555
08:52:33,304,767031
08:52:33,305,734889
08:52:33,306,755208
08:52:33,307,716543
08:52:33,308,750264
08:52:33,309,716522
08:52:33,310,711470
08:52:33,311,708599
08:52:33,312,720658
08:52:33,313,733258
08:52:33,314,722357
08:52:33,315,744768
08:52:33,316,763347
08:52:33,317,738237
08:52:33,318,890789
08:52:33,319,857386
08:52:33,320,922165
08:52:33,321,4264053
08:52:33,322,665553
08:52:33,323,555674
08:52:33,324,567791
08:52:33,325,630682
08:52:33,326,598880
08:52:33,327,630567
08:52:33,328,597196
08:52:33,329,577722
08:52:33,330,638418
08:52:33,331,673890
08:52:33,332,634761
08:52:33,333,588498
08:52:33,334,557708
08:52:33,335,542677
08:52:33,336,578321
08:52:33,337,647072
08:52:33,338,622200
08:52:33,339,568109
08:52:33,340,548704
08:52:33,341,538121
08:52:33,342,523360
08:52:33,343,1345521
08:52:33,344,594931
08:52:33,345,580365
08:52:33,346,544541
08:52:33,347,564587
08:52:33,348,568824
08:52:33,349,566930
08:52:33,350,542721
08:52:33,351,540488
08:52:33,352,588692
08:52:33,353,712401
08:52:33,354,595507
08:52:33,355,568105
08:52:33,356,556293
08:52:33,357,548066
08:52:33,358,571904
08:52:33,359,553686
08:52:33,360,1498432
08:52:33,361,568173
08:52:33,362,574533
08:52:33,363,628391
08:52:33,364,1891397
08:52:33,365,663314
08:52:33,366,653941
08:52:33,367,690782
08:52:33,368,677172
08:52:33,369,713996
08:52:33,370,677106
08:52:33,371,637441
08:52:33,372,620165
08:52:33,373,685793
08:52:33,374,668923
08:52:33,375,677156
08:52:33,376,672106
08:52:33,377,633278
08:52:33,378,660481
08:52:33,379,628646
08:52:33,380,646506
08:52:33,381,648213
08:52:33,382,628161
08:52:33,383,709015
08:52:33,384,915301
08:52:33,385,685491
08:52:33,386,736782
08:52:33,387,681514
08:52:33,388,703140
08:52:33,389,751966
08:52:33,390,671444
08:52:33,391,696241
08:52:33,392,694514
08:52:33,393,835724
08:52:33,394,802414
08:52:33,395,791568
08:52:33,396,705308
08:52:33,397,666122
08:52:33,398,749341
08:52:33,399,677900
08:52:33,400,706078
08:52:33,401,861108
08:52:33,402,657863
08:52:33,403,684708
08:52:33,404,686812
08:52:33,405,695059
08:52:33,406,654933
08:52:33,407,659451
08:52:33,408,644732
08:52:33,409,745422
08:52:33,410,668638
08:52:33,411,640802
08:52:33,412,735185
08:52:33,413,673518
08:52:33,414,683072
08:52:33,415,640296
08:52:33,416,704378
08:52:33,417,676732
08:52:33,418,673498
08:52:33,419,725765
08:52:33,420,678131
08:52:33,421,669637
08:52:33,422,639512
08:52:33,423,761482
08:52:33,424,745181
08:52:33,425,663930
08:52:33,426,627260
08:52:33,427,559160
08:52:33,428,576687
08:52:33,429,549138
08:52:33,430,518217
08:52:33,431,485256
08:52:33,432,487870
08:52:33,433,537771
08:52:33,434,521698
08:52:33,435,477970
08:52:33,436,601629
08:52:33,437,481714
08:52:33,438,586224
08:52:33,439,504711
08:52:33,440,476972
08:52:33,441,599610
08:52:33,442,512962
08:52:33,443,1179150
08:52:33,444,509082
08:52:33,445,525177
08:52:33,446,472991
08:52:33,447,498668
08:52:33,448,1149618
08:52:33,449,526255
08:52:33,450,468336
08:52:33,451,469661
08:52:33,452,581627
08:52:33,453,682437
08:52:33,454,659826
08:52:33,455,684366
08:52:33,456,591818
08:52:33,457,1089173
08:52:33,458,514977
08:52:33,459,514544
08:52:33,460,502616
08:52:33,461,463065
08:52:33,462,456235
08:52:33,463,1227839
08:52:33,464,554659
08:52:33,465,469970
08:52:33,466,462933
08:52:33,467,505114
08:52:33,468,474775
08:52:33,469,472725
08:52:33,470,455268
08:52:33,471,1387377
08:52:33,472,526707
08:52:33,473,480717
08:52:33,474,451470
08:52:33,475,450668
08:52:33,476,478909
08:52:33,477,449107
08:52:33,478,583470
08:52:33,479,464097
08:52:33,480,449139
08:52:33,481,527705
08:52:33,482,479607
08:52:33,483,453075
08:52:33,484,2690391
08:52:33,485,516577
08:52:33,486,491928
08:52:33,487,3604412
08:52:33,488,750889
08:52:33,489,774028
08:52:33,490,654696
08:52:33,491,655847
08:52:33,492,765772
08:52:33,493,658760
08:52:33,494,654215
08:52:33,495,731680
08:52:33,496,836626
08:52:33,497,959819
08:52:33,498,990153
08:52:33,499,1061676
08:52:33,500,687697
08:52:33,501,684719
08:52:33,502,632427
08:52:33,503,654657
08:52:33,504,672566
08:52:33,505,643380
08:52:33,506,638193
08:52:33,507,705656
08:52:33,508,625743
08:52:33,509,711626
08:52:33,510,674241
08:52:33,511,768136
08:52:33,512,1159517
08:52:33,513,710969
08:52:33,514,705077
08:52:33,515,855705
08:52:33,516,705779
08:52:33,517,846450
08:52:33,518,650962
08:52:33,519,643272
08:52:33,520,660353
08:52:33,521,702597
08:52:33,522,706686
08:52:33,523,633006
08:52:33,524,707438
08:52:33,525,633897
08:52:33,526,606949
08:52:33,527,639448
08:52:33,528,669405
08:52:33,529,651023
08:52:33,530,629264
08:52:33,531,619753
08:52:33,532,605309
08:52:33,533,604679
08:52:33,534,645807
08:52:33,535,652462
08:52:33,536,606702
08:52:33,537,607142
08:52:33,538,613219
08:52:33,539,603559
08:52:33,540,640950
08:52:33,541,614833
08:52:33,542,612604
08:52:33,543,621953
08:52:33,544,634442
08:52:33,545,629704
08:52:33,546,636917
08:52:33,547,603136
08:52:33,548,606883
08:52:33,549,613259
08:52:33,550,686785
08:52:33,551,1168103
08:52:33,552,515121
08:52:33,553,467152
08:52:33,554,446632
08:52:33,555,476600
08:52:33,556,578296
08:52:33,557,598064
08:52:33,558,560602
08:52:33,559,594652
08:52:33,560,516050
08:52:33,561,549460
08:52:33,562,595689
08:52:33,563,2046764
08:52:33,564,630995
08:52:33,565,650030
08:52:33,566,710216
08:52:33,567,600457
08:52:33,568,715029
08:52:33,569,603690
08:52:33,570,640726
08:52:33,571,598688
08:52:33,572,624942
08:52:33,573,592137
08:52:33,574,622820
08:52:33,575,599470
08:52:33,576,692503
08:52:33,577,660185
08:52:33,578,689874
08:52:33,579,615332
08:52:33,580,642405
08:52:33,581,650259
08:52:33,582,699755
08:52:33,583,741804
08:52:33,584,613982
08:52:33,585,662998
08:52:33,586,640322
08:52:33,587,591766
08:52:33,588,599243
08:52:33,589,919180
08:52:33,590,896579
08:52:33,591,934850
08:52:33,592,964479
08:52:33,593,611416
08:52:33,594,713299
08:52:33,595,605325
08:52:33,596,675723
08:52:33,597,1815470
08:52:33,598,6468579
08:52:33,599,709475
08:52:33,600,698306
08:52:33,601,681604
08:52:33,602,684304
08:52:33,603,671179
08:52:33,604,651508
08:52:33,605,608488
08:52:33,606,628407
08:52:33,607,747229
08:52:33,608,699332
08:52:33,609,720015
08:52:33,610,731087
08:52:33,611,597694
08:52:33,612,619550
08:52:33,613,674154
08:52:33,614,634555
08:52:33,615,598551
08:52:33,616,594647
08:52:33,617,591510
08:52:33,618,621570
08:52:33,619,579337
08:52:33,620,598744
08:52:33,621,625066
08:52:33,622,620184
08:52:33,623,655120
08:52:33,624,617490
08:52:33,625,603246
08:52:33,626,902576
08:52:33,627,924589
08:52:33,628,918829
08:52:33,629,879354
08:52:33,630,620516
08:52:33,631,656081
08:52:33,632,603695
08:52:33,633,621090
08:52:33,634,596607
08:52:33,635,615950
08:52:33,636,641192
08:52:33,637,719428
08:52:33,638,650471
08:52:33,639,648276
08:52:33,640,707858
08:52:33,641,642235
08:52:33,642,666339
08:52:33,643,690452
08:52:33,644,624148
08:52:33,645,638682
08:52:33,646,638299
08:52:33,647,590447
08:52:33,648,577243
08:52:33,649,696597
08:52:33,650,576741
08:52:33,651,728985
08:52:33,652,624797
08:52:33,653,583500
08:52:33,654,606509
08:52:33,655,618493
08:52:33,656,593004
08:52:33,657,677455
08:52:33,658,621494
08:52:33,659,582752
08:52:33,660,572623
08:52:33,661,622324
08:52:33,662,574092
08:52:33,663,570967
08:52:33,664,569095
08:52:33,665,603944
08:52:33,666,599228
08:52:33,667,693587
08:52:33,668,573787
08:52:33,669,568881
08:52:33,670,571442
08:52:33,671,588224
08:52:33,672,626018
08:52:33,673,771924
08:52:33,674,809208
08:52:33,675,840143
08:52:33,676,932247
08:52:33,677,879917
08:52:33,678,897693
08:52:33,679,586923
08:52:33,680,640541
08:52:33,681,606841
08:52:33,682,580181
08:52:33,683,700210
08:52:33,684,643506
08:52:33,685,583380
08:52:33,686,669588
08:52:33,687,607100
08:52:33,688,617462
08:52:33,689,587230
08:52:33,690,626264
08:52:33,691,579639
08:52:33,692,581404
08:52:33,693,586117
08:52:33,694,580736
08:52:33,695,679586
08:52:33,696,632641
08:52:33,697,535411
08:52:33,698,463888
08:52:33,699,521582
08:52:33,700,501160
08:52:33,701,428890
08:52:33,702,424650
08:52:33,703,484633
08:52:33,704,4710448
08:52:33,705,663633
08:52:33,706,660409
08:52:33,707,610420
08:52:33,708,570232
08:52:33,709,592068
08:52:33,710,579030
08:52:33,711,579022
08:52:33,712,566715
08:52:33,713,640044
08:52:33,714,587682
08:52:33,715,590855
08:52:33,716,614817
08:52:33,717,568233
08:52:33,718,577229
08:52:33,719,789038
08:52:33,720,919562
08:52:33,721,913645
08:52:33,722,858082
08:52:33,723,705925
08:52:33,724,606295
08:52:33,725,591599
08:52:33,726,659147
08:52:33,727,615158
08:52:33,728,587464
08:52:33,729,763651
08:52:33,730,702658
08:52:33,731,579240
08:52:33,732,585543
08:52:33,733,584678
08:52:33,734,606571
08:52:33,735,565711
08:52:33,736,634329
08:52:33,737,645278
08:52:33,738,640810
08:52:33,739,565241
08:52:33,740,560245
08:52:33,741,559412
08:52:33,742,559007
08:52:33,743,592966
08:52:33,744,556112
08:52:33,745,592080
08:52:33,746,566473
08:52:33,747,573267
08:52:33,748,571006
08:52:33,749,603651
08:52:33,750,551872
08:52:33,751,553410
08:52:33,752,612372
08:52:33,753,625036
08:52:33,754,565421
08:52:33,755,550681
08:52:33,756,595835
08:52:33,757,578252
08:52:33,758,583604
08:52:33,759,573268
08:52:33,760,586516
08:52:33,761,567280
08:52:33,762,604474
08:52:33,763,550994
08:52:33,764,609515
08:52:33,765,580389
08:52:33,766,552198
08:52:33,767,555827
08:52:33,768,585791
08:52:33,769,627454
08:52:33,770,593406
08:52:33,771,599826
08:52:33,772,559719
08:52:33,773,594982
08:52:33,774,642015
08:52:33,775,590414
08:52:33,776,551087
08:52:33,777,546642
08:52:33,778,562265
08:52:33,779,548193
08:52:33,780,565269
08:52:33,781,534441
08:52:33,782,632449
08:52:33,783,579360
08:52:33,784,599578
08:52:33,785,607690
08:52:33,786,548399
08:52:33,787,543986
08:52:33,788,571525
08:52:33,789,551072
08:52:33,790,588510
08:52:33,791,597620
08:52:33,792,538639
08:52:33,793,543787
08:52:33,794,539919
08:52:33,795,563447
08:52:33,796,537872
08:52:33,797,558673
08:52:33,798,577940
08:52:33,799,539844
08:52:33,800,535754
08:52:33,801,533364
08:52:33,802,589786
08:52:33,803,543254
08:52:33,804,627595
08:52:33,805,593182
08:52:33,806,567425
08:52:33,807,583421
08:52:33,808,573277
08:52:33,809,538591
08:52:33,810,539606
08:52:33,811,574319
08:52:33,812,537554
08:52:33,813,560872
08:52:33,814,536775
08:52:33,815,560498
08:52:33,816,537034
08:52:33,817,553100
08:52:33,818,580845
08:52:33,819,529502
08:52:33,820,593276
08:52:33,821,558715
08:52:33,822,559689
08:52:33,823,539263
08:52:33,824,597858
08:52:33,825,545076
08:52:33,826,550430
08:52:33,827,575106
08:52:33,828,587005
08:52:33,829,544019
08:52:33,830,534439
08:52:33,831,569175
08:52:33,832,549820
08:52:33,833,537977
08:52:33,834,547651
08:52:33,835,577970
08:52:33,836,564978
08:52:33,837,8633961
08:52:33,838,770690
08:52:33,839,574188
08:52:33,840,561625
08:52:33,841,685864
08:52:33,842,566418
08:52:33,843,555499
08:52:33,844,568585
08:52:33,845,531941
08:52:33,846,575392
08:52:33,847,524781
08:52:33,848,549554
08:52:33,849,576861
08:52:33,850,529281
08:52:33,851,552284
08:52:33,852,533172
08:52:33,853,517307
08:52:33,854,519399
08:52:33,855,525250
08:52:33,856,538972
08:52:33,857,592438
08:52:33,858,556530
08:52:33,859,527141
08:52:33,860,623785
08:52:33,861,528759
08:52:33,862,601240
08:52:33,863,565136
08:52:33,864,638158
08:52:33,865,595728
08:52:33,866,610795
08:52:33,867,539227
08:52:33,868,553488
08:52:33,869,558819
08:52:33,870,560616
08:52:33,871,554187
08:52:33,872,580698
08:52:33,873,584988
08:52:33,874,524010
08:52:33,875,672542
08:52:33,876,652870
08:52:33,877,726866
08:52:33,878,493237
08:52:33,879,445499
08:52:33,880,607189
08:52:33,881,646207
08:52:33,882,552417
08:52:33,883,582369
08:52:33,884,579207
08:52:33,885,570007
08:52:33,886,491430
08:52:33,887,432887
08:52:33,888,420673
08:52:33,889,398113
08:52:33,890,447422
08:52:33,891,411235
08:52:33,892,427433
08:52:33,893,467913
08:52:33,894,2753471
08:52:33,895,5283524
08:52:33,896,864509
08:52:33,897,1022120
08:52:33,898,869588
08:52:33,899,627030
08:52:33,900,567954
08:52:33,901,552151
08:52:33,902,580310
08:52:33,903,570213
08:52:33,904,527853
08:52:33,905,552468
08:52:33,906,592973
08:52:33,907,645104
08:52:33,908,530463
08:52:33,909,573513
08:52:33,910,535373
08:52:33,911,559717
08:52:33,912,595395
08:52:33,913,528350
08:52:33,914,520984
08:52:33,915,544406
08:52:33,916,558529
08:52:33,917,520266
08:52:33,918,520857
08:52:33,919,566003
08:52:33,920,517768
08:52:33,921,596319
08:52:33,922,531242
08:52:33,923,540724
08:52:33,924,643460
08:52:33,925,527221
08:52:33,926,552185
08:52:33,927,645804
08:52:33,928,587207
08:52:33,929,524141
08:52:33,930,648715
08:52:33,931,529614
08:52:33,932,543051
08:52:33,933,569987
08:52:33,934,629053
08:52:33,935,525225
08:52:33,936,536406
08:52:33,937,520075
08:52:33,938,559585
08:52:33,939,592874
08:52:33,940,519248
08:52:33,941,574948
08:52:33,942,593268
08:52:33,943,614256
08:52:33,944,516879
08:52:33,945,548871
08:52:33,946,544799
08:52:33,947,517458
08:52:33,948,518087
08:52:33,949,532836
08:52:33,950,537568
08:52:33,951,515812
08:52:33,952,533139
08:52:33,953,547316
08:52:33,954,568038
08:52:33,955,536899
08:52:33,956,513125
08:52:33,957,554911
08:52:33,958,540016
08:52:33,959,543321
08:52:33,960,558966
08:52:33,961,515985
08:52:33,962,612655
08:52:33,963,515984
08:52:33,964,551059
08:52:33,965,516454
08:52:33,966,514650
08:52:33,967,557933
08:52:33,968,543153
08:52:33,969,510262
08:52:33,970,510683
08:52:33,971,534118
08:52:33,972,519859
08:52:33,973,523056
08:52:33,974,683327
08:52:33,975,611317
08:52:33,976,519552
08:52:33,977,620968
08:52:33,978,938051
08:52:33,979,775154
08:52:33,980,557302
08:52:33,981,522920
08:52:33,982,546830
08:52:33,983,602286
08:52:33,984,547248
08:52:33,985,574861
08:52:33,986,540279
08:52:33,987,529071
08:52:33,988,519775
08:52:33,989,572005
08:52:33,990,530524
08:52:33,991,555810
08:52:33,992,614197
08:52:33,993,564656
08:52:33,994,645065
08:52:33,995,526738
08:52:33,996,517071
08:52:33,997,512323
08:52:33,998,535724
08:52:33,999,606802
08:52:33,1000,587433
08:52:33,1001,555984
08:52:33,1002,522251
08:52:33,1003,540648
08:52:33,1004,535576
08:52:33,1005,552774
08:52:33,1006,573396
08:52:33,1007,539360
08:52:33,1008,525338
08:52:33,1009,514094
08:52:33,1010,514989
08:52:33,1011,512563
08:52:33,1012,724672
08:52:33,1013,590473
08:52:33,1014,582710
08:52:33,1015,526161
08:52:33,1016,582783
08:52:33,1017,513822
08:52:33,1018,561971
08:52:33,1019,542161
08:52:33,1020,521716
08:52:33,1021,563423
08:52:33,1022,539643
08:52:33,1023,515555
08:52:33,1024,527386
08:52:33,1025,540251
08:52:33,1026,518266
08:52:33,1027,547826
08:52:33,1028,863588
08:52:33,1029,792103
08:52:33,1030,632323
08:52:33,1031,574096
08:52:33,1032,573776
08:52:33,1033,520653
08:52:33,1034,548033
08:52:33,1035,567076
08:52:33,1036,581165
08:52:33,1037,592416
08:52:33,1038,659957
08:52:33,1039,580207
08:52:33,1040,572817
08:52:33,1041,517671
08:52:33,1042,520497
08:52:33,1043,551346
08:52:33,1044,515927
08:52:33,1045,629326
08:52:33,1046,530262
08:52:33,1047,600056
08:52:33,1048,547119
08:52:33,1049,535117
08:52:33,1050,516258
08:52:33,1051,626655
08:52:33,1052,601174
08:52:33,1053,532773
08:52:33,1054,750215
08:52:33,1055,523569
08:52:33,1056,516075
08:52:33,1057,513787
08:52:33,1058,595468
08:52:33,1059,528993
08:52:33,1060,524835
08:52:33,1061,549443
08:52:33,1062,544969
08:52:33,1063,512554
08:52:33,1064,514254
08:52:33,1065,584258
08:52:33,1066,624307
08:52:33,1067,565103
08:52:33,1068,545868
08:52:33,1069,514246
08:52:33,1070,511284
08:52:33,1071,521711
08:52:33,1072,556428
08:52:33,1073,515691
08:52:33,1074,513521
08:52:33,1075,590594
08:52:33,1076,510248
08:52:33,1077,509868
08:52:33,1078,514012
08:52:33,1079,558639
08:52:33,1080,499896
08:52:33,1081,534661
08:52:33,1082,653672
08:52:33,1083,536452
08:52:33,1084,525722
08:52:33,1085,514176
08:52:33,1086,534721
08:52:33,1087,510586
08:52:33,1088,525965
08:52:33,1089,540897
08:52:33,1090,515228
08:52:33,1091,649232
08:52:33,1092,572571
08:52:33,1093,575010
08:52:33,1094,584038
08:52:33,1095,538745
08:52:33,1096,526853
08:52:33,1097,518661
08:52:33,1098,528947
08:52:33,1099,591439
08:52:33,1100,567758
08:52:33,1101,644950
08:52:33,1102,579751
08:52:33,1103,532652
08:52:33,1104,584823
08:52:33,1105,609989
08:52:33,1106,536716
08:52:33,1107,515260
08:52:33,1108,512990
08:52:33,1109,553474
08:52:33,1110,520700
08:52:33,1111,511072
08:52:33,1112,518947
08:52:33,1113,515611
08:52:33,1114,531989
08:52:33,1115,512162
08:52:33,1116,540791
08:52:33,1117,522933
08:52:33,1118,568303
08:52:33,1119,544602
08:52:33,1120,527220
08:52:33,1121,548787
08:52:33,1122,512335
08:52:33,1123,546389
08:52:33,1124,568780
08:52:33,1125,515885
08:52:33,1126,517560
08:52:33,1127,545971
08:52:33,1128,539994
08:52:33,1129,548657
08:52:33,1130,583224
08:52:33,1131,555885
08:52:33,1132,524191
08:52:33,1133,513844
08:52:33,1134,513936
08:52:33,1135,605515
08:52:34,1136,546634
08:52:34,1137,546666
08:52:34,1138,520292
08:52:34,1139,522662
08:52:34,1140,572408
08:52:34,1141,534036
08:52:34,1142,538909
08:52:34,1143,514807
08:52:34,1144,511899
08:52:34,1145,530718
08:52:34,1146,517022
08:52:34,1147,511073
08:52:34,1148,512165
08:52:34,1149,563550
08:52:34,1150,512000
08:52:34,1151,518148
08:52:34,1152,660578
08:52:34,1153,580350
08:52:34,1154,528943
08:52:34,1155,519514
08:52:34,1156,542640
08:52:34,1157,511814
08:52:34,1158,510259
08:52:34,1159,574874
08:52:34,1160,556556
08:52:34,1161,581823
08:52:34,1162,517651
08:52:34,1163,539950
08:52:34,1164,511353
08:52:34,1165,528729
08:52:34,1166,583997
08:52:34,1167,521216
08:52:34,1168,520660
08:52:34,1169,510813
08:52:34,1170,531906
08:52:34,1171,521305
08:52:34,1172,581975
08:52:34,1173,573128
08:52:34,1174,589994
08:52:34,1175,533757
08:52:34,1176,513670
08:52:34,1177,538492
08:52:34,1178,515476
08:52:34,1179,509809
08:52:34,1180,555233
08:52:34,1181,518956
08:52:34,1182,521025
08:52:34,1183,511170
08:52:34,1184,532142
08:52:34,1185,510430
08:52:34,1186,514554
08:52:34,1187,540243
08:52:34,1188,540454
08:52:34,1189,512019
08:52:34,1190,511950
08:52:34,1191,532579
08:52:34,1192,512873
08:52:34,1193,537528
08:52:34,1194,562950
08:52:34,1195,550878
08:52:34,1196,547463
08:52:34,1197,517212
08:52:34,1198,561480
08:52:34,1199,514915
08:52:34,1200,537669
08:52:34,1201,539582
08:52:34,1202,511801
08:52:34,1203,512306
08:52:34,1204,540068
08:52:34,1205,508515
08:52:34,1206,562471
08:52:34,1207,510406
08:52:34,1208,547778
08:52:34,1209,522079
08:52:34,1210,526942
08:52:34,1211,537093
08:52:34,1212,509596
08:52:34,1213,537420
08:52:34,1214,603622
08:52:34,1215,540185
08:52:34,1216,526907
08:52:34,1217,516296
08:52:34,1218,516542
08:52:34,1219,513455
08:52:34,1220,536584
08:52:34,1221,512699
08:52:34,1222,579307
08:52:34,1223,532238
08:52:34,1224,516836
08:52:34,1225,510202
08:52:34,1226,520359
08:52:34,1227,557899
08:52:34,1228,519262
08:52:34,1229,545139
08:52:34,1230,539951
08:52:34,1231,510285
08:52:34,1232,511826
08:52:34,1233,563703
08:52:34,1234,560765
08:52:34,1235,534904
08:52:34,1236,515264
08:52:34,1237,544926
08:52:34,1238,507689
08:52:34,1239,507328
08:52:34,1240,524893
08:52:34,1241,531632
08:52:34,1242,536590
08:52:34,1243,515886
08:52:34,1244,534229
08:52:34,1245,509449
08:52:34,1246,536854
08:52:34,1247,518554
08:52:34,1248,521203
08:52:34,1249,536018
08:52:34,1250,585095
08:52:34,1251,546721
08:52:34,1252,529210
08:52:34,1253,520044
08:52:34,1254,540359
08:52:34,1255,516583
08:52:34,1256,533678
08:52:34,1257,508730
08:52:34,1258,527412
08:52:34,1259,540473
08:52:34,1260,510820
08:52:34,1261,521107
08:52:34,1262,559156
08:52:34,1263,631387
08:52:34,1264,534576
08:52:34,1265,568022
08:52:34,1266,529314
08:52:34,1267,512786
08:52:34,1268,509701
08:52:34,1269,512578
08:52:34,1270,576463
08:52:34,1271,587038
08:52:34,1272,537603
08:52:34,1273,517535
08:52:34,1274,551424
08:52:34,1275,524132
08:52:34,1276,519865
08:52:34,1277,544882
08:52:34,1278,563803
08:52:34,1279,564433
08:52:34,1280,557020
08:52:34,1281,519707
08:52:34,1282,517909
08:52:34,1283,515990
08:52:34,1284,536912
08:52:34,1285,519798
08:52:34,1286,511579
08:52:34,1287,542556
08:52:34,1288,517977
08:52:34,1289,554107
08:52:34,1290,515451
08:52:34,1291,538423
08:52:34,1292,570321
08:52:34,1293,708538
08:52:34,1294,618903
08:52:34,1295,520666
08:52:34,1296,528740
08:52:34,1297,514600
08:52:34,1298,548650
08:52:34,1299,560310
08:52:34,1300,584508
08:52:34,1301,522601
08:52:34,1302,542434
08:52:34,1303,558343
08:52:34,1304,554725
08:52:34,1305,542866
08:52:34,1306,525944
08:52:34,1307,538455
08:52:34,1308,514131
08:52:34,1309,510386
08:52:34,1310,512494
08:52:34,1311,512330
08:52:34,1312,542325
08:52:34,1313,513740
08:52:34,1314,519244
08:52:34,1315,540766
08:52:34,1316,517520
08:52:34,1317,548802
08:52:34,1318,562312
08:52:34,1319,539484
08:52:34,1320,510484
08:52:34,1321,536017
08:52:34,1322,561287
08:52:34,1323,523525
08:52:34,1324,543903
08:52:34,1325,522799
08:52:34,1326,536523
08:52:34,1327,515709
08:52:34,1328,517275
08:52:34,1329,600273
08:52:34,1330,557950
08:52:34,1331,598906
08:52:34,1332,539118
08:52:34,1333,619524
08:52:34,1334,635116
08:52:34,1335,639143
08:52:34,1336,535333
08:52:34,1337,519340
08:52:34,1338,652717
08:52:34,1339,692835
08:52:34,1340,684452
08:52:34,1341,649157
08:52:34,1342,706819
08:52:34,1343,696018
08:52:34,1344,662416
08:52:34,1345,582325
08:52:34,1346,528482
08:52:34,1347,724653
08:52:34,1348,560587
08:52:34,1349,588706
08:52:34,1350,524540
08:52:34,1351,606973
08:52:34,1352,534078
08:52:34,1353,560887
08:52:34,1354,573172
08:52:34,1355,544084
08:52:34,1356,563757
08:52:34,1357,549092
08:52:34,1358,607048
08:52:34,1359,530669
08:52:34,1360,554580
08:52:34,1361,544941
08:52:34,1362,562466
08:52:34,1363,517100
08:52:34,1364,564045
08:52:34,1365,564777
08:52:34,1366,611930
08:52:34,1367,760566
08:52:34,1368,779922
08:52:34,1369,668894
08:52:34,1370,558231
08:52:34,1371,580218
08:52:34,1372,532365
08:52:34,1373,542151
08:52:34,1374,524243
08:52:34,1375,529979
08:52:34,1376,526430
08:52:34,1377,520770
08:52:34,1378,553323
08:52:34,1379,521537
08:52:34,1380,513474
08:52:34,1381,541969
08:52:34,1382,514140
08:52:34,1383,511781
08:52:34,1384,514614
08:52:34,1385,550466
08:52:34,1386,513636
08:52:34,1387,544667
08:52:34,1388,547942
08:52:34,1389,530008
08:52:34,1390,514933
08:52:34,1391,514613
08:52:34,1392,605842
08:52:34,1393,519071
08:52:34,1394,515773
08:52:34,1395,544226
08:52:34,1396,522020
08:52:34,1397,538836
08:52:34,1398,534861
08:52:34,1399,531973
08:52:34,1400,515907
08:52:34,1401,510765
08:52:34,1402,538688
08:52:34,1403,547383
08:52:34,1404,517441
08:52:34,1405,511512
08:52:34,1406,512248
08:52:34,1407,556510
08:52:34,1408,529126
08:52:34,1409,535367
08:52:34,1410,530998
08:52:34,1411,521749
08:52:34,1412,512779
08:52:34,1413,513156
08:52:34,1414,546863
08:52:34,1415,520219
08:52:34,1416,534915
08:52:34,1417,680094
08:52:34,1418,517438
08:52:34,1419,519613
08:52:34,1420,515581
08:52:34,1421,552626
08:52:34,1422,512998
08:52:34,1423,532700
08:52:34,1424,567453
08:52:34,1425,510659
08:52:34,1426,511294
08:52:34,1427,507393
08:52:34,1428,560647
08:52:34,1429,514412
08:52:34,1430,586456
08:52:34,1431,582273
08:52:34,1432,517757
08:52:34,1433,515045
08:52:34,1434,523866
08:52:34,1435,533176
08:52:34,1436,510237
08:52:34,1437,514288
08:52:34,1438,543473
08:52:34,1439,545879
08:52:34,1440,516252
08:52:34,1441,539441
08:52:34,1442,742831
08:52:34,1443,683871
08:52:34,1444,595194
08:52:34,1445,521165
08:52:34,1446,539490
08:52:34,1447,526028
08:52:34,1448,530011
08:52:34,1449,524436
08:52:34,1450,514955
08:52:34,1451,534041
08:52:34,1452,523130
08:52:34,1453,510877
08:52:34,1454,511211
08:52:34,1455,556953
08:52:34,1456,833334
08:52:34,1457,540909
08:52:34,1458,574666
08:52:34,1459,529352
08:52:34,1460,641163
08:52:34,1461,522131
08:52:34,1462,543958
08:52:34,1463,547741
08:52:34,1464,515400
08:52:34,1465,618490
08:52:34,1466,521954
08:52:34,1467,531975
08:52:34,1468,562223
08:52:34,1469,623898
08:52:34,1470,561916
08:52:34,1471,601337
08:52:34,1472,585367
08:52:34,1473,516741
08:52:34,1474,520227
08:52:34,1475,517206
08:52:34,1476,540081
08:52:34,1477,510822
08:52:34,1478,514195
08:52:34,1479,569161
08:52:34,1480,527325
08:52:34,1481,516649
08:52:34,1482,520887
08:52:34,1483,564326
08:52:34,1484,515278
08:52:34,1485,511421
08:52:34,1486,586678
08:52:34,1487,523137
08:52:34,1488,525666
08:52:34,1489,518420
08:52:34,1490,540385
08:52:34,1491,514826
08:52:34,1492,516460
08:52:34,1493,552188
08:52:34,1494,517749
08:52:34,1495,515964
08:52:34,1496,512505
08:52:34,1497,533869
08:52:34,1498,515874
08:52:34,1499,523710
08:52:34,1500,544693
08:52:34,1501,543338
08:52:34,1502,519481
08:52:34,1503,525144
08:52:34,1504,528810
08:52:34,1505,554890
08:52:34,1506,516886
08:52:34,1507,545026
08:52:34,1508,609335
08:52:34,1509,528041
08:52:34,1510,547347
08:52:34,1511,538962
08:52:34,1512,515302
08:52:34,1513,511269
08:52:34,1514,544235
08:52:34,1515,542215
08:52:34,1516,515255
08:52:34,1517,515062
08:52:34,1518,538510
08:52:34,1519,635230
08:52:34,1520,596084
08:52:34,1521,620222
08:52:34,1522,530387
08:52:34,1523,576924
08:52:34,1524,541108
08:52:34,1525,543141
08:52:34,1526,514992
08:52:34,1527,511954
08:52:34,1528,545120
08:52:34,1529,511362
08:52:34,1530,588363
08:52:34,1531,621758
08:52:34,1532,583772
08:52:34,1533,551703
08:52:34,1534,515450
08:52:34,1535,569627
08:52:34,1536,550134
08:52:34,1537,518928
08:52:34,1538,514354
08:52:34,1539,569789
08:52:34,1540,540209
08:52:34,1541,512540
08:52:34,1542,542700
08:52:34,1543,536048
08:52:34,1544,508500
08:52:34,1545,512154
08:52:34,1546,533696
08:52:34,1547,511665
08:52:34,1548,509258
08:52:34,1549,540040
08:52:34,1550,522595
08:52:34,1551,517956
08:52:34,1552,504614
08:52:34,1553,558123
08:52:34,1554,534141
08:52:34,1555,514620
08:52:34,1556,540055
08:52:34,1557,510900
08:52:34,1558,525972
08:52:34,1559,510509
08:52:34,1560,522901
08:52:34,1561,539019
08:52:34,1562,510722
08:52:34,1563,508753
08:52:34,1564,544104
08:52:34,1565,515751
08:52:34,1566,513945
08:52:34,1567,519181
08:52:34,1568,559261
08:52:34,1569,512988
08:52:34,1570,598325
08:52:34,1571,831206
08:52:34,1572,535294
08:52:34,1573,549540
08:52:34,1574,517198
08:52:34,1575,537947
08:52:34,1576,517618
08:52:34,1577,547471
08:52:34,1578,529353
08:52:34,1579,515051
08:52:34,1580,543379
08:52:34,1581,510621
08:52:34,1582,536827
08:52:34,1583,525224
08:52:34,1584,532484
08:52:34,1585,526642
08:52:34,1586,513761
08:52:34,1587,511783
08:52:34,1588,511790
08:52:34,1589,536315
08:52:34,1590,510909
08:52:34,1591,512301
08:52:34,1592,543287
08:52:34,1593,512657
08:52:34,1594,529853
08:52:34,1595,511630
08:52:34,1596,567101
08:52:34,1597,511622
08:52:34,1598,496127
08:52:34,1599,528209
08:52:34,1600,626110
08:52:34,1601,520220
08:52:34,1602,501509
08:52:34,1603,516166
08:52:34,1604,520540
08:52:34,1605,524677
08:52:34,1606,530705
08:52:34,1607,534196
08:52:34,1608,495901
08:52:34,1609,493228
08:52:34,1610,492759
08:52:34,1611,519180
08:52:34,1612,494825
08:52:34,1613,494525
08:52:34,1614,530218
08:52:34,1615,499086
08:52:34,1616,493708
08:52:34,1617,492654
08:52:34,1618,539197
08:52:34,1619,492083
08:52:34,1620,497646
08:52:34,1621,588836
08:52:34,1622,671598
08:52:34,1623,710285
08:52:34,1624,554404
08:52:34,1625,569311
08:52:34,1626,501661
08:52:34,1627,510759
08:52:34,1628,527396
08:52:34,1629,515427
08:52:34,1630,491298
08:52:34,1631,554496
08:52:34,1632,664685
08:52:34,1633,571140
08:52:34,1634,492048
08:52:34,1635,666367
08:52:34,1636,508892
08:52:34,1637,517211
08:52:34,1638,491549
08:52:34,1639,572019
08:52:34,1640,510802
08:52:34,1641,551422
08:52:34,1642,537106
08:52:34,1643,484349
08:52:34,1644,480853
08:52:34,1645,552113
08:52:34,1646,486634
08:52:34,1647,509367
08:52:34,1648,533585
08:52:34,1649,546629
08:52:34,1650,492190
08:52:34,1651,485635
08:52:34,1652,481761
08:52:34,1653,502340
08:52:34,1654,504832
08:52:34,1655,481368
08:52:34,1656,550507
08:52:34,1657,521988
08:52:34,1658,511837
08:52:34,1659,487678
08:52:34,1660,526690
08:52:34,1661,538176
08:52:34,1662,545359
08:52:34,1663,564289
08:52:34,1664,553088
08:52:34,1665,487982
08:52:34,1666,483472
08:52:34,1667,526827
08:52:34,1668,539356
08:52:34,1669,522489
08:52:34,1670,430068
08:52:34,1671,437556
08:52:34,1672,418080
08:52:34,1673,381689
08:52:34,1674,378445
08:52:34,1675,372752
08:52:34,1676,376967
08:52:34,1677,375496
08:52:34,1678,433463
08:52:34,1679,373099
08:52:34,1680,992318
08:52:34,1681,504475
08:52:34,1682,464048
08:52:34,1683,459157
08:52:34,1684,499923
08:52:34,1685,527068
08:52:34,1686,450917
08:52:34,1687,448123
08:52:34,1688,474626
08:52:34,1689,532297
08:52:34,1690,480590
08:52:34,1691,446192
08:52:34,1692,437834
08:52:34,1693,504602
08:52:34,1694,444933
08:52:34,1695,441898
08:52:34,1696,483453
08:52:34,1697,460506
08:52:34,1698,482884
08:52:34,1699,513645
08:52:34,1700,439159
08:52:34,1701,485083
08:52:34,1702,436502
08:52:34,1703,438019
08:52:34,1704,463277
08:52:34,1705,432543
08:52:34,1706,499452
08:52:34,1707,473386
08:52:34,1708,477699
08:52:34,1709,468980
08:52:34,1710,482668
08:52:34,1711,487471
08:52:34,1712,506062
08:52:34,1713,557948
08:52:34,1714,502816
08:52:34,1715,476488
08:52:34,1716,492771
08:52:34,1717,472566
08:52:34,1718,461095
08:52:34,1719,459827
08:52:34,1720,580732
08:52:34,1721,443784
08:52:34,1722,438680
08:52:34,1723,433945
08:52:34,1724,434488
08:52:34,1725,495519
08:52:34,1726,449635
08:52:34,1727,435359
08:52:34,1728,460699
08:52:34,1729,440625
08:52:34,1730,443856
08:52:34,1731,559316
08:52:34,1732,476605
08:52:34,1733,533363
08:52:34,1734,539432
08:52:34,1735,529590
08:52:34,1736,511381
08:52:34,1737,482214
08:52:34,1738,510437
08:52:34,1739,499108
08:52:34,1740,528082
08:52:34,1741,483479
08:52:34,1742,473066
08:52:34,1743,477091
08:52:34,1744,505219
08:52:34,1745,478961
08:52:34,1746,471190
08:52:34,1747,473477
08:52:34,1748,487540
08:52:34,1749,496814
08:52:34,1750,476579
08:52:34,1751,503036
08:52:34,1752,480788
08:52:34,1753,478957
08:52:34,1754,482204
08:52:34,1755,478066
08:52:34,1756,495125
08:52:34,1757,474993
08:52:34,1758,482279
08:52:34,1759,493971
08:52:34,1760,486345
08:52:34,1761,473308
08:52:34,1762,472230
08:52:34,1763,523407
08:52:34,1764,491510
08:52:34,1765,472667
08:52:34,1766,470105
08:52:34,1767,497712
08:52:34,1768,501152
08:52:34,1769,509680
08:52:34,1770,499307
08:52:34,1771,471062
08:52:34,1772,497571
08:52:34,1773,471988
08:52:34,1774,475346
08:52:34,1775,501682
08:52:34,1776,476166
08:52:34,1777,639814
08:52:34,1778,654120
08:52:34,1779,674860
08:52:34,1780,612356
08:52:34,1781,602444
08:52:34,1782,624301
08:52:34,1783,563572
08:52:34,1784,746847
08:52:34,1785,654598
08:52:34,1786,541361
08:52:34,1787,478568
08:52:34,1788,509112
08:52:34,1789,504938
08:52:34,1790,475690
08:52:34,1791,498651
08:52:34,1792,525182
08:52:34,1793,511581
08:52:34,1794,478165
08:52:34,1795,588961
08:52:34,1796,757662
08:52:34,1797,526782
08:52:34,1798,490410
08:52:34,1799,506765
08:52:34,1800,481581
08:52:34,1801,477289
08:52:34,1802,512534
08:52:34,1803,490689
08:52:34,1804,484627
08:52:34,1805,475014
08:52:34,1806,611031
08:52:34,1807,545784
08:52:34,1808,481710
08:52:34,1809,475847
08:52:34,1810,628743
08:52:34,1811,800500
08:52:34,1812,606905
08:52:34,1813,545584
08:52:34,1814,571728
08:52:34,1815,540237
08:52:34,1816,527683
08:52:34,1817,534279
08:52:34,1818,492644
08:52:34,1819,616164
08:52:34,1820,604845
08:52:34,1821,600597
08:52:34,1822,482707
08:52:34,1823,586922
08:52:34,1824,479345
08:52:34,1825,544320
08:52:34,1826,475534
08:52:34,1827,541400
08:52:34,1828,637292
08:52:34,1829,770401
08:52:34,1830,664412
08:52:34,1831,639308
08:52:34,1832,551979
08:52:34,1833,542822
08:52:34,1834,546737
08:52:34,1835,480470
08:52:34,1836,564369
08:52:34,1837,481903
08:52:34,1838,548021
08:52:34,1839,474927
08:52:34,1840,515271
08:52:34,1841,512965
08:52:34,1842,533471
08:52:34,1843,475847
08:52:34,1844,577678
08:52:34,1845,478397
08:52:34,1846,537325
08:52:34,1847,486059
08:52:34,1848,533282
08:52:34,1849,482171
08:52:34,1850,472745
08:52:34,1851,505270
08:52:34,1852,492488
08:52:34,1853,477941
08:52:34,1854,526723
08:52:34,1855,504107
08:52:34,1856,509853
08:52:34,1857,506235
08:52:34,1858,547345
08:52:34,1859,13849466
08:52:34,1860,650770
08:52:34,1861,591970
08:52:34,1862,544129
08:52:34,1863,570108
08:52:34,1864,711182
08:52:34,1865,553003
08:52:34,1866,552823
08:52:34,1867,568193
08:52:34,1868,538231
08:52:34,1869,534285
08:52:34,1870,565888
08:52:34,1871,532924
08:52:34,1872,595580
08:52:34,1873,585247
08:52:34,1874,721772
08:52:34,1875,723820
08:52:34,1876,638500
08:52:34,1877,613159
08:52:34,1878,556546
08:52:34,1879,576387
08:52:34,1880,572898
08:52:34,1881,560011
08:52:34,1882,698326
08:52:34,1883,633938
08:52:34,1884,626267
08:52:34,1885,564171
08:52:34,1886,565172
08:52:34,1887,581433
08:52:34,1888,541784
08:52:34,1889,627668
08:52:34,1890,527525
08:52:34,1891,524488
08:52:34,1892,528366
08:52:34,1893,597793
08:52:34,1894,538214
08:52:34,1895,521129
08:52:34,1896,579011
08:52:34,1897,609098
08:52:34,1898,612524
08:52:34,1899,584027
08:52:34,1900,656360
08:52:34,1901,538118
08:52:34,1902,616709
08:52:34,1903,528334
08:52:34,1904,531606
08:52:34,1905,526225
08:52:34,1906,521336
08:52:34,1907,631888
08:52:34,1908,528846
08:52:34,1909,614821
08:52:34,1910,663739
08:52:34,1911,583103
08:52:34,1912,802589
08:52:34,1913,1045382
08:52:34,1914,585386
08:52:34,1915,536041
08:52:34,1916,523142
08:52:34,1917,521484
08:52:34,1918,638360
08:52:34,1919,695730
08:52:34,1920,555317
08:52:34,1921,634543
08:52:34,1922,536593
08:52:34,1923,524662
08:52:34,1924,523368
08:52:34,1925,602956
08:52:34,1926,539620
08:52:34,1927,584412
08:52:34,1928,567801
08:52:34,1929,524103
08:52:34,1930,521702
08:52:34,1931,546482
08:52:34,1932,542006
08:52:34,1933,519044
08:52:34,1934,516630
08:52:34,1935,565934
08:52:34,1936,527090
08:52:34,1937,519038
08:52:34,1938,518089
08:52:34,1939,556109
08:52:34,1940,539312
08:52:34,1941,519873
08:52:34,1942,557068
08:52:34,1943,588034
08:52:34,1944,523933
08:52:34,1945,544228
08:52:34,1946,532369
08:52:34,1947,527143
08:52:34,1948,550034
08:52:34,1949,549735
08:52:34,1950,527646
08:52:34,1951,518904
08:52:34,1952,519898
08:52:34,1953,517238
08:52:34,1954,556801
08:52:34,1955,518140
08:52:34,1956,546720
08:52:34,1957,619821
08:52:34,1958,536386
08:52:34,1959,520204
08:52:34,1960,621666
08:52:34,1961,537649
08:52:34,1962,562662
08:52:34,1963,576638
08:52:34,1964,519949
08:52:34,1965,515277
08:52:34,1966,518204
08:52:34,1967,588663
08:52:34,1968,531584
08:52:34,1969,516745
08:52:34,1970,619349
08:52:34,1971,529459
08:52:34,1972,520374
08:52:34,1973,515276
08:52:34,1974,590251
08:52:34,1975,602452
08:52:34,1976,523932
08:52:34,1977,552952
08:52:34,1978,640409
08:52:34,1979,570390
08:52:34,1980,586956
08:52:34,1981,564853
08:52:34,1982,531354
08:52:34,1983,533763
08:52:34,1984,558557
08:52:34,1985,526887
08:52:34,1986,520929
08:52:34,1987,531987
08:52:34,1988,568367
08:52:34,1989,524590
08:52:34,1990,563177
08:52:34,1991,560973
08:52:34,1992,523756
08:52:34,1993,526636
08:52:34,1994,549828
08:52:34,1995,686852
08:52:34,1996,533006
08:52:34,1997,521954
08:52:34,1998,553694
08:52:34,1999,524474
08:52:34,2000,643155
